{"fmus":{"{Controller}":"file:///C:/Users/emilh/OneDrive/Dokumenter/into-cps-projects/Robot_arm/FMUs/Robot_Arm.fmu","{Model}":"file:///C:/Users/emilh/OneDrive/Dokumenter/into-cps-projects/Robot_arm/FMUs/Robot2.fmu"},"connections":{"{Controller}.C.motor_tau":["{Controller}.C.sensor_angle"],"{Model}.M.theta":["{Model}.M.u"]},"parameters":{"{Controller}.C.ControllerActive":false},"liveGraphColumns":1,"liveGraphVisibleRowCount":1,"logVariables":{},"algorithm":{"type":"fixed-step","size":0.1},"parallelSimulation":false,"stabalizationEnabled":false,"global_absolute_tolerance":0,"global_relative_tolerance":0.01,"simulationProgramDelay":false,"convergenceAttempts":5,"livestream":{"{Controller}.C":["motor_tau"],"{Model}.M":["theta"]}}